{
    "jokes": [
        {
            "joke": "C'est l'histoire du ptit dej, tu la connais ?",
            "response": "Pas de bol."
        },
        {
            "joke": "C'est l'histoire d'une blague vaseuse",
            "response": "Mets tes bottes."
        },
        {
            "joke": "Que demande un footballeur à son coiffeur ?",
            "response": "La coupe du monde s’il vous plait"
        },
        {
            "joke": "C'est l'histoire d'un pingouin qui respire par les fesses",
            "response": "Un jour il s’assoit et il meurt."
        },
        {
            "joke": "Pourquoi les Belges viennent-ils à la messe avec du savon ?",
            "response": "Pour l’Ave Maria."
        },
        {
            "joke": "C'est quoi une chauve-souris avec une perruque ?",
            "response": "Une souris."
        },
        {
            "joke": "Que dit un escargot quand il croise une limace ?",
            "response": "Oh un naturiste."
        },
        {
            "joke": "Pourquoi les canards sont toujours à l'heure ?",
            "response": "Parce qu’ils sont dans l’étang."
        },
        {
            "joke": "Pourquoi le lapin est bleu ?",
            "response": "Pars ce que on l'a peint."
        },
        {
            "joke": "Que fait un crocodile quand il rencontre une superbe femelle ?",
            "response": "Il Lacoste."
        },
        {
            "joke": "C'est quoi un petit pois avec une épée face à une carotte avec une épée ?",
            "response": "Un bon duel."
        },
        {
            "joke": "Pourquoi les pêcheurs ne sont pas gros ?",
            "response": "Parce qu’ils surveillent leur ligne."
        },
        {
            "joke": "Tu connais la blague de la chaise.",
            "response": "Elle est tellement longue."
        },
        {
            "joke": "C'est l'histoire d'un papier qui tombe à l'eau.",
            "response": "Il crie « Au secours ! J’ai pas pied ! »"
        },
        {
            "joke": "Que fait une fraise sur un cheval ?",
            "response": "Tagada Tagada."
        },
        {
            "joke": "C'est l'histoire de 2 patates qui traversent la route.",
            "response": "L’une d’elles se fait écraser. L’autre dit : « Oh purée ! »"
        },
        {
            "joke": "Quel est le crustacé le plus léger de la mer ?",
            "response": "La palourde"
        },
        {
            "joke": "Il y a 3 poussins dans un nid, j'en veux deux. Qu'est-ce que je fais ?",
            "response": "J’en pousse-un."
        },
        {
            "joke": "Qu'est-ce qui n'est pas un steak ?",
            "response": "Une pastèque."
        },
        {
            "joke": "C'est l'histoire de Paf le chien qui traverse la route.",
            "response": "Et paf le chien !"
        },
        {
            "joke": "C'est l'histoire d'un poil.",
            "response": "Avant il était bien, maintenant il est pub'ien."
        },
        {
            "joke": "Qu'est-ce qui fait toin toin ?",
            "response": "Un tanard."
        },
        {
            "joke": "Pourquoi un chasseur emmène-t-il son fusil aux toilettes ?",
            "response": "Pour tirer la chasse"
        },
        {
            "joke": "Pourquoi est-ce que Napoléon n'a pas voulu acheter de maison ?",
            "response": "Parce qu’il avait déjà un Bonaparte"
        },
        {
            "joke": "Où va Messi quand il se blesse ?",
            "response": "À la pharmessi"
        },
        {
            "joke": "C'est l'histoire de 2 grains de sable qui arrivent à la plage :",
            "response": "« Putain, c’est blindé aujourd’hui… »"
        },
        {
            "joke": "Qu'est-ce qui est vert avec une cape ?",
            "response": "Un concombre qui imite Super Tomate."
        },
        {
            "joke": "Quelle est la mamie qui fait peur aux voleurs ?",
            "response": "Mamie Traillette."
        },
        {
            "joke": "Comment appelle-t-on un préservatif pour statue ?",
            "response": "Une capote en glaise."
        },
        {
            "joke": "Comment appelle-t-on un chien qui n'a pas de pattes ?",
            "response": "On ne l’appelle pas, on va le chercher…"
        },
        {
            "joke": "Qu'est-ce qui est vert, se déplace sous l'eau, et fait buzzzzz ?",
            "response": "Un chou marin ruche."
        },
        {
            "joke": "Comment appelle-t-on un bébé éléphant prématuré ?",
            "response": "Un éléphant tôt."
        },
        {
            "joke": "Quel est le pays le plus cool du monde ?",
            "response": "Le Yémen. Yeah, man."
        },
        {
            "joke": "Quoi ?",
            "response": "Feur. C’est gratuit pour les chauves."
        },
        {
            "joke": "Pourquoi les vaches ferment-elles les yeux pendant la traite de lait ?",
            "response": "Pour faire du lait concentré."
        },
        {
            "joke": "Un mec rentre dans un café.",
            "response": "Et plouf."
        },
        {
            "joke": "C'est l'histoire d'un aveugle qui rentre dans un bar.",
            "response": "Et dans une table, et dans une chaise, et dans un mur, et…"
        },
        {
            "joke": "Avec quelle monnaie les marins payent-ils ?",
            "response": "Avec des sous-marins"
        },
        {
            "joke": "Que dit un Italien pour dire au revoir ?",
            "response": "Pasta la vista"
        },
        {
            "joke": "Que dit un chihuahua japonais pour dire bonjour ?",
            "response": "Konichihuahua"
        },
        {
            "joke": "Qu'est-ce qui est vert, qui tourne très très vite et qui devient rouge ?",
            "response": "Une grenouille dans un mixeur."
        },
        {
            "joke": "C'est un mec qui entre dans un bar et qui dit 'Salut c'est moi !'",
            "response": "Mais en fait c’était pas lui."
        },
        {
            "joke": "Quelle est la différence entre un lapin et une bouteille en plastique ?",
            "response": "Ils sont tous les deux en plastique, sauf le lapin."
        },
        {
            "joke": "Pourquoi tu vas toujours aux toilettes avec du pain ?",
            "response": "C’est pour donner à manger aux Canards W-C."
        },
        {
            "joke": "– Ça te fait pas peur toi ces histoires de « vache folle » ?",
            "response": "– Ben j’m’en fous j’suis un lapin !"
        },
        {
            "joke": "Quel poisson n'a pas de certificat de naissance ?",
            "response": "Le poisson pané"
        },
        {
            "joke": "Quel est le réseau préféré des pêcheurs ?",
            "response": "Truiteur"
        },
        {
            "joke": "Que dit un rappeur quand il rentre dans une fromagerie ?",
            "response": "Faites du brie !"
        },
        {
            "joke": "Dans quel pays ne bronze-t-on pas du nez ?",
            "response": "Au Népal"
        },
        {
            "joke": "Que fait un geek quand il descend du métro ?",
            "response": "Il libère la RAM"
        }
    ]
}
